{
    "AWSTemplateFormatVersion" : "2010-09-09",
  
    "Description" : "Cloud Formation Template for ACM Certificate Request and Approval. This Template depends on Lambda Functions for Certificate Request and Approval.",
  
    "Parameters" : {
      "HostedZone" : {
        "Type" : "AWS::Route53::HostedZone::Id",
        "Description" : "The DNS name of an existing Amazon Route 53 hosted zone"
      },
      "HostName" : {
        "Type" : "String",
        "Description" : "The HostName address",
        "Default" : "www",
        "AllowedPattern" : "(?!-)[a-zA-Z0-9-.]{1,63}(?<!-)",
        "ConstraintDescription" : "must be a valid DNS zone name."
      },
      "AlternativeDomains" : {
        "Type" : "String",
        "Description" : "Alternative Domains to be configured in the Certificate"
      },
      "CertificateRequestLambdaARN" : {
        "Type" : "String",
        "Description" : "The ARN of lambda request Function"
      },
      "CertificateApprovalLambdaARN" : {
        "Type" : "String",
        "Description" : "The ARN of lambda request Function"
      },
      "CheckCertificateLambdaARN" : {
        "Type" : "String",
        "Description" : "The ARN of lambda request Function"
      }
    },
  
    "Resources" : {

        "AWSPublicCertificateRequest" : {
           "Type": "Custom::AWSCertificateRequest",
           "Version" : "1.0",
           "Properties" : {
              "ServiceToken": {"Ref": "CertificateRequestLambdaARN"},
              "hostedZoneId": {"Ref": "HostedZone"},
              "hostName" : {"Ref": "HostName"},
              "extraDomains" : {"Ref": "AlternativeDomains"}
           }
         },

         "AWSPublicCertificateValidation" : {
          "Type": "Custom::AWSCertificateDNSApproval",
          "Version" : "1.0",
          "Properties" : {
             "ServiceToken": {"Ref": "CertificateApprovalLambdaARN"},
             "hostedZoneId": {"Ref": "HostedZone"},
             "hostName" : {"Ref": "HostName"},
             "certificateARN" : { "Fn::GetAtt" : ["AWSPublicCertificateRequest", "ResourceId"] }
          }
        },

        "AWSPublicCertificateCheckValidation" : {
         "Type": "Custom::AWSCertificateApprovalCheck",
         "Version" : "1.0",
         "DependsOn" : [ "AWSPublicCertificateValidation" ],
         "Properties" : {
            "ServiceToken": {"Ref": "CheckCertificateLambdaARN"},
            "certificateARN" : { "Fn::GetAtt" : ["AWSPublicCertificateRequest", "ResourceId"] }
         } 
      }
    },

     "Outputs" : {
        "CertificateARN" : {
          "Description" : "CertificateARN",
          "Value" : { "Fn::GetAtt" : ["AWSPublicCertificateRequest", "ResourceId"] },
          "Export" : {"Name" : {"Fn::Sub": "${AWS::StackName}-CertificateARN" }}
        }
     }
}