{
    "AWSTemplateFormatVersion" : "2010-09-09",
  
    "Description" : "Cloud Formation Template to clear Site and Log Buckets in Stack Deletion",
  
    "Parameters" : {

      "LogBucket" : {
        "Type" : "String",
        "Description" : "The Name of the Buckets for Logs"
      },

      "SiteBucket" : {
        "Type" : "String",
        "Description" : "The Name of the Buckets for StaticWebSite"
      },

      "ClearBucketsFunctionARN" : {
        "Type" : "String",
        "Description" : "The ARN of lambda Function to clear S3 Buckets on Resource Deletion"
      }

    },
  
    "Resources" : {

      "SiteBucketClearance" : {
        "Type": "Custom::SiteBucketClearanceOnResourceDeletion",
        "Version" : "1.0",
        "Properties" : {
           "ServiceToken": {"Ref": "ClearBucketsFunctionARN"},
           "bucketName": {"Ref": "SiteBucket"}
        }
      },

      "LogBucketClearance" : {
        "Type": "Custom::LogBucketClearanceOnResourceDeletion",
        "Version" : "1.0",
        "Properties" : {
           "ServiceToken": {"Ref": "ClearBucketsFunctionARN"},
           "bucketName": {"Ref": "LogBucket"}
        }
      }

    }

  }
