{
    "Version": "2012-10-17",
    "Statement": [
        {
            "Sid": "VisualEditor0",
            "Effect": "Allow",
            "Action": [
                "lambda:CreateFunction",
                "acm:DeleteCertificate",
                "codepipeline:ListPipelineExecutions",
                "s3:CreateBucket",
                "iam:CreateRole",
                "s3:GetObjectAcl",
                "cloudfront:GetDistribution",
                "logs:CreateLogStream",
                "s3:DeleteBucketWebsite",
                "acm:RequestCertificate",
                "acm:GetCertificate",
                "codepipeline:ListPipelines",
                "s3:PutLifecycleConfiguration",
                "codepipeline:GetPipeline",
                "s3:PutBucketAcl",
                "s3:PutObjectTagging",
                "codebuild:ListProjects",
                "s3:DeleteObject",
                "s3:HeadBucket",
                "cloudfront:GetDistributionConfig",
                "s3:DeleteObjectTagging",
                "events:PutEvents",
                "cloudfront:GetCloudFrontOriginAccessIdentityConfig",
                "iam:GetRole",
                "s3:GetBucketWebsite",
                "lambda:ListFunctions",
                "codepipeline:StartPipelineExecution",
                "cloudfront:TagResource",
                "iam:DeleteRole",
                "acm:AddTagsToCertificate",
                "cloudfront:CreateDistributionWithTags",
                "s3:DeleteObjectVersionTagging",
                "s3:PutBucketCORS",
                "s3:DeleteBucketPolicy",
                "logs:CreateLogGroup",
                "events:TestEventPattern",
                "s3:PutObject",
                "s3:GetObject",
                "s3:PutBucketNotification",
                "acm:DescribeCertificate",
                "s3:PutBucketLogging",
                "acm:ResendValidationEmail",
                "s3:PutObjectVersionAcl",
                "codebuild:ListBuilds",
                "codepipeline:UpdatePipeline",
                "cloudfront:ListCloudFrontOriginAccessIdentities",
                "codepipeline:CreatePipeline",
                "s3:DeleteObjectVersion",
                "cloudfront:DeleteCloudFrontOriginAccessIdentity",
                "events:PutRule",
                "s3:ListBucket",
                "codepipeline:DeletePipeline",
                "s3:GetBucketPolicy",
                "codecommit:ListRepositories",
                "cloudfront:CreateCloudFrontOriginAccessIdentity",
                "s3:PutEncryptionConfiguration",
                "s3:PutBucketTagging",
                "cloudfront:GetCloudFrontOriginAccessIdentity",
                "acm:ListCertificates",
                "cloudfront:UpdateDistribution",
                "cloudfront:UpdateCloudFrontOriginAccessIdentity",
                "s3:DeleteBucket",
                "s3:PutBucketVersioning",
                "s3:PutObjectAcl",
                "cloudformation:ListStacks",
                "s3:PutMetricsConfiguration",
                "s3:PutObjectVersionTagging",
                "iam:ListRoles",
                "cloudfront:CreateDistribution",
                "codebuild:ListRepositories",
                "s3:GetBucketAcl",
                "logs:PutLogEvents",
                "events:PutTargets",
                "s3:PutBucketWebsite",
                "s3:ListAllMyBuckets",
                "s3:GetBucketCORS",
                "cloudfront:ListDistributions",
                "s3:PutBucketPolicy",
                "iam:UpdateRole",
                "codepipeline:GetPipelineState",
                "cloudfront:DeleteDistribution",
                "codepipeline:GetPipelineExecution",
                "s3:GetObjectVersion"
            ],
            "Resource": "*"
        },
        {
            "Sid": "VisualEditor1",
            "Effect": "Allow",
            "Action": [
                "codecommit:CreateBranch",
                "lambda:TagResource",
                "events:EnableRule",
                "cloudformation:ListStackInstances",
                "lambda:GetFunctionConfiguration",
                "codecommit:ListPullRequests",
                "codebuild:ListBuildsForProject",
                "cloudformation:UpdateStackSet",
                "cloudformation:CreateChangeSet",
                "codebuild:UpdateProject",
                "codebuild:BatchGetBuilds",
                "lambda:EnableReplication",
                "cloudformation:DescribeStackEvents",
                "cloudformation:UpdateStack",
                "events:ListRules",
                "lambda:DeleteFunction",
                "codecommit:CreatePullRequest",
                "cloudformation:CreateStackSet",
                "cloudformation:ListStackResources",
                "lambda:InvokeFunction",
                "cloudformation:DescribeStackInstance",
                "cloudformation:DescribeStackResources",
                "cloudformation:SignalResource",
                "codebuild:CreateProject",
                "lambda:UpdateAlias",
                "cloudformation:DescribeStacks",
                "lambda:UpdateFunctionCode",
                "cloudformation:GetStackPolicy",
                "codecommit:GetRepository",
                "cloudformation:GetTemplate",
                "cloudformation:DeleteStack",
                "codebuild:BatchDeleteBuilds",
                "lambda:PublishVersion",
                "codebuild:StartBuild",
                "codecommit:GitPush",
                "lambda:CreateAlias",
                "cloudformation:CancelUpdateStack",
                "cloudformation:UpdateStackInstances",
                "cloudformation:ListStackSetOperations",
                "codebuild:StopBuild",
                "codecommit:CreateRepository",
                "lambda:InvokeAsync",
                "cloudformation:CreateStackInstances",
                "cloudformation:DeleteChangeSet",
                "codecommit:GetCommit",
                "cloudformation:StopStackSetOperation",
                "events:DisableRule",
                "codebuild:BatchGetProjects",
                "cloudformation:SetStackPolicy",
                "codecommit:ListBranches",
                "lambda:GetFunction",
                "lambda:UpdateFunctionConfiguration",
                "codecommit:DeleteRepository",
                "events:DeleteRule",
                "lambda:AddPermission",
                "cloudformation:CreateStack",
                "codecommit:GetBranch",
                "lambda:DeleteAlias",
                "codebuild:DeleteProject",
                "lambda:RemovePermission",
                "codecommit:DeleteBranch"
            ],
            "Resource": [
                "arn:aws:codecommit:*:*:*",
                "arn:aws:codebuild:*:*:project/*",
                "arn:aws:lambda:*:*:function:*",
                "arn:aws:cloudformation:*:*:stack/*/*",
                "arn:aws:cloudformation:*:*:stackset/*:*",
                "arn:aws:events:*:*:rule/*"
            ]
        }
    ]
}